{
  "beta": 0.001,
  "omega_id": 2,
  "summary": [
    {
      "h": 0.06,
      "n_dofs": 402,
      "beta": 0.001,
      "omega_id": 2,
      "L_est": 0.0010022128523121566,
      "F_star": 0.016517144657772983,
      "grad_norm_star": 5.18246375017633e-07,
      "u_star_norm_U": 2.549352190906443,
      "y_star_norm_L2": 0.0423435884943571,
      "cg_info_u_star": 0,
      "cg_iters_u_star": 25,
      "iterations": {
        "CG": 25,
        "BB": 4,
        "GD": 11,
        "Nesterov": 5
      },
      "final_costs": {
        "CG": 0.016517144657772983,
        "BB": 0.01651714455251067,
        "GD": 0.01651714455253277,
        "Nesterov": 0.01651714455259022
      }
    },
    {
      "h": 0.04,
      "n_dofs": 820,
      "beta": 0.001,
      "omega_id": 2,
      "L_est": 0.0010005986505127497,
      "F_star": 0.016331895535693784,
      "grad_norm_star": 1.7779476710253454e-07,
      "u_star_norm_U": 2.607212704558714,
      "y_star_norm_L2": 0.04494916173251256,
      "cg_info_u_star": 0,
      "cg_iters_u_star": 26,
      "iterations": {
        "CG": 26,
        "BB": 4,
        "GD": 12,
        "Nesterov": 6
      },
      "final_costs": {
        "CG": 0.016331895535693784,
        "BB": 0.016331895523508475,
        "GD": 0.016331895523519158,
        "Nesterov": 0.01633189552351201
      }
    },
    {
      "h": 0.03,
      "n_dofs": 1434,
      "beta": 0.001,
      "omega_id": 2,
      "L_est": 0.0010010172430954195,
      "F_star": 0.016255043470095508,
      "grad_norm_star": 7.511134685754308e-08,
      "u_star_norm_U": 2.6325105147853587,
      "y_star_norm_L2": 0.04613348712150077,
      "cg_info_u_star": 0,
      "cg_iters_u_star": 24,
      "iterations": {
        "CG": 24,
        "BB": 4,
        "GD": 12,
        "Nesterov": 6
      },
      "final_costs": {
        "CG": 0.016255043470095508,
        "BB": 0.016255043467937172,
        "GD": 0.01625504346795888,
        "Nesterov": 0.016255043467942223
      }
    },
    {
      "h": 0.02,
      "n_dofs": 3093,
      "beta": 0.001,
      "omega_id": 2,
      "L_est": 0.0010002775251952013,
      "F_star": 0.016170842166533382,
      "grad_norm_star": 2.4105078621861128e-08,
      "u_star_norm_U": 2.6548911291351667,
      "y_star_norm_L2": 0.04721925828699494,
      "cg_info_u_star": 0,
      "cg_iters_u_star": 24,
      "iterations": {
        "CG": 24,
        "BB": 4,
        "GD": 13,
        "Nesterov": 6
      },
      "final_costs": {
        "CG": 0.016170842166533382,
        "BB": 0.016170842166312652,
        "GD": 0.016170842166317208,
        "Nesterov": 0.01617084216631961
      }
    },
    {
      "h": 0.015,
      "n_dofs": 5392,
      "beta": 0.001,
      "omega_id": 2,
      "L_est": 0.001000536338675535,
      "F_star": 0.016125313983330128,
      "grad_norm_star": 9.930052715482342e-09,
      "u_star_norm_U": 2.665356008947625,
      "y_star_norm_L2": 0.04774594326090484,
      "cg_info_u_star": 0,
      "cg_iters_u_star": 25,
      "iterations": {
        "CG": 25,
        "BB": 4,
        "GD": 13,
        "Nesterov": 6
      },
      "final_costs": {
        "CG": 0.016125313983330128,
        "BB": 0.016125313983292807,
        "GD": 0.01612531398329915,
        "Nesterov": 0.016125313983300908
      }
    },
    {
      "h": 0.012,
      "n_dofs": 8438,
      "beta": 0.001,
      "omega_id": 2,
      "L_est": 0.001000245684984647,
      "F_star": 0.016103545776951327,
      "grad_norm_star": 5.296744374094217e-09,
      "u_star_norm_U": 2.6710267666576537,
      "y_star_norm_L2": 0.048028440000518445,
      "cg_info_u_star": 0,
      "cg_iters_u_star": 24,
      "iterations": {
        "CG": 24,
        "BB": 4,
        "GD": 13,
        "Nesterov": 6
      },
      "final_costs": {
        "CG": 0.016103545776951327,
        "BB": 0.01610354577694073,
        "GD": 0.016103545776948607,
        "Nesterov": 0.01610354577694951
      }
    },
    {
      "h": 0.01,
      "n_dofs": 11899,
      "beta": 0.001,
      "omega_id": 2,
      "L_est": 0.0010000283950834894,
      "F_star": 0.016084738587402173,
      "grad_norm_star": 3.1441537126326056e-09,
      "u_star_norm_U": 2.6752657631855987,
      "y_star_norm_L2": 0.048243944202837084,
      "cg_info_u_star": 0,
      "cg_iters_u_star": 23,
      "iterations": {
        "CG": 23,
        "BB": 4,
        "GD": 13,
        "Nesterov": 6
      },
      "final_costs": {
        "CG": 0.016084738587402173,
        "BB": 0.016084738587398454,
        "GD": 0.016084738587407735,
        "Nesterov": 0.01608473858740776
      }
    },
    {
      "h": 0.008,
      "n_dofs": 18497,
      "beta": 0.001,
      "omega_id": 2,
      "L_est": 0.0010000678997319978,
      "F_star": 0.01606954607491468,
      "grad_norm_star": 1.6654268888666146e-09,
      "u_star_norm_U": 2.6786866538773912,
      "y_star_norm_L2": 0.048418845714772986,
      "cg_info_u_star": 0,
      "cg_iters_u_star": 24,
      "iterations": {
        "CG": 24,
        "BB": 4,
        "GD": 13,
        "Nesterov": 6
      },
      "final_costs": {
        "CG": 0.01606954607491468,
        "BB": 0.016069546074913645,
        "GD": 0.016069546074924036,
        "Nesterov": 0.016069546074923412
      }
    }
  ]
}