{
  "beta": 0.001,
  "omega_id": 2,
  "summary": [
    {
      "h": 0.06,
      "n_dofs": 402,
      "beta": 0.001,
      "omega_id": 2,
      "L_est": 0.001276091337696926,
      "m_est": 0.0009999999995059623,
      "F_star": 0.01651714468462652,
      "grad_norm_star": 5.677287280249955e-07,
      "u_star_norm_U": 2.5493522065586323,
      "y_star_norm_L2": 0.04234358691083134,
      "cg_info_u_star": 0,
      "cg_iters_u_star": 10,
      "timings": {
        "CG": {
          "t_L": 0.0,
          "t_m": 0.0,
          "t_iter": 0.0035164009968866594,
          "t_total": 0.0035164009968866594,
          "t_gradnorm": 0.00045850400238123257
        },
        "BB": {
          "t_L": 0.0,
          "t_m": 0.0,
          "t_iter": 0.0011863420004374348,
          "t_total": 0.0011863420004374348
        },
        "GD": {
          "t_L": 0.01096554799914884,
          "t_m": 0.0,
          "t_iter": 0.0008800590003374964,
          "t_total": 0.011845606999486336
        },
        "Nesterov": {
          "t_L": 0.01096554799914884,
          "t_m": 0.011130889999549254,
          "t_iter": 0.0012556830006360542,
          "t_total": 0.023352120999334147
        }
      },
      "iterations": {
        "CG": 10,
        "BB": 2,
        "GD": 2,
        "Nesterov": 3
      },
      "final_costs": {
        "CG": 0.01651714468462652,
        "BB": 0.016517150631479197,
        "GD": 0.016517150744078824,
        "Nesterov": 0.01651714472536573
      }
    },
    {
      "h": 0.04,
      "n_dofs": 820,
      "beta": 0.001,
      "omega_id": 2,
      "L_est": 0.0012973114829061719,
      "m_est": 0.0010000000001340731,
      "F_star": 0.016331895575458916,
      "grad_norm_star": 3.334160111824702e-07,
      "u_star_norm_U": 2.607212709220179,
      "y_star_norm_L2": 0.04494916057616628,
      "cg_info_u_star": 0,
      "cg_iters_u_star": 10,
      "timings": {
        "CG": {
          "t_L": 0.0,
          "t_m": 0.0,
          "t_iter": 0.005139606999364332,
          "t_total": 0.005139606999364332,
          "t_gradnorm": 0.0008942290005506948
        },
        "BB": {
          "t_L": 0.0,
          "t_m": 0.0,
          "t_iter": 0.001900065000882023,
          "t_total": 0.001900065000882023
        },
        "GD": {
          "t_L": 0.016959124001004966,
          "t_m": 0.0,
          "t_iter": 0.0013807710001856321,
          "t_total": 0.018339895001190598
        },
        "Nesterov": {
          "t_L": 0.016959124001004966,
          "t_m": 0.022585152000829112,
          "t_iter": 0.0018606670000735903,
          "t_total": 0.04140494300190767
        }
      },
      "iterations": {
        "CG": 10,
        "BB": 2,
        "GD": 2,
        "Nesterov": 3
      },
      "final_costs": {
        "CG": 0.016331895575458916,
        "BB": 0.016331904499945916,
        "GD": 0.016331904515531334,
        "Nesterov": 0.01633189581016923
      }
    },
    {
      "h": 0.03,
      "n_dofs": 1434,
      "beta": 0.001,
      "omega_id": 2,
      "L_est": 0.0013071540499930406,
      "m_est": 0.0010000000008399523,
      "F_star": 0.01625504351500202,
      "grad_norm_star": 3.089761275689721e-07,
      "u_star_norm_U": 2.632510550176492,
      "y_star_norm_L2": 0.046133484136041625,
      "cg_info_u_star": 0,
      "cg_iters_u_star": 9,
      "timings": {
        "CG": {
          "t_L": 0.0,
          "t_m": 0.0,
          "t_iter": 0.006430699000702589,
          "t_total": 0.006430699000702589,
          "t_gradnorm": 0.0012520670006779255
        },
        "BB": {
          "t_L": 0.0,
          "t_m": 0.0,
          "t_iter": 0.0033606060005695326,
          "t_total": 0.0033606060005695326
        },
        "GD": {
          "t_L": 0.025811421999605955,
          "t_m": 0.0,
          "t_iter": 0.004642605999833904,
          "t_total": 0.03045402799943986
        },
        "Nesterov": {
          "t_L": 0.025811421999605955,
          "t_m": 0.023522318000686937,
          "t_iter": 0.006435364000935806,
          "t_total": 0.0557691040012287
        }
      },
      "iterations": {
        "CG": 9,
        "BB": 2,
        "GD": 2,
        "Nesterov": 3
      },
      "final_costs": {
        "CG": 0.01625504351500202,
        "BB": 0.01625505386132326,
        "GD": 0.016255053865205697,
        "Nesterov": 0.01625504381735724
      }
    },
    {
      "h": 0.02,
      "n_dofs": 3093,
      "beta": 0.001,
      "omega_id": 2,
      "L_est": 0.001316360790324447,
      "m_est": 0.0010000000015031418,
      "F_star": 0.016170842213438195,
      "grad_norm_star": 3.0723885615513585e-07,
      "u_star_norm_U": 2.6548910808233535,
      "y_star_norm_L2": 0.04721926000934939,
      "cg_info_u_star": 0,
      "cg_iters_u_star": 9,
      "timings": {
        "CG": {
          "t_L": 0.0,
          "t_m": 0.0,
          "t_iter": 0.022365883998645586,
          "t_total": 0.022365883998645586,
          "t_gradnorm": 0.00545786600196152
        },
        "BB": {
          "t_L": 0.0,
          "t_m": 0.0,
          "t_iter": 0.006804865999583853,
          "t_total": 0.006804865999583853
        },
        "GD": {
          "t_L": 0.05862599300053262,
          "t_m": 0.0,
          "t_iter": 0.006352922000587569,
          "t_total": 0.06497891500112019
        },
        "Nesterov": {
          "t_L": 0.05862599300053262,
          "t_m": 0.05693198100016161,
          "t_iter": 0.008771875000093132,
          "t_total": 0.12432984900078736
        }
      },
      "iterations": {
        "CG": 9,
        "BB": 2,
        "GD": 2,
        "Nesterov": 3
      },
      "final_costs": {
        "CG": 0.016170842213438195,
        "BB": 0.01617085403162875,
        "GD": 0.01617085403265528,
        "Nesterov": 0.016170842584212804
      }
    },
    {
      "h": 0.015,
      "n_dofs": 5392,
      "beta": 0.001,
      "omega_id": 2,
      "L_est": 0.0013209177069060287,
      "m_est": 0.0010000000014293525,
      "F_star": 0.016125314007582058,
      "grad_norm_star": 2.2046815504934334e-07,
      "u_star_norm_U": 2.665356024948168,
      "y_star_norm_L2": 0.047745941867152024,
      "cg_info_u_star": 0,
      "cg_iters_u_star": 9,
      "timings": {
        "CG": {
          "t_L": 0.0,
          "t_m": 0.0,
          "t_iter": 0.04150589599885279,
          "t_total": 0.04150589599885279,
          "t_gradnorm": 0.011975502002314897
        },
        "BB": {
          "t_L": 0.0,
          "t_m": 0.0,
          "t_iter": 0.022682614999212092,
          "t_total": 0.022682614999212092
        },
        "GD": {
          "t_L": 0.16005599900017842,
          "t_m": 0.0,
          "t_iter": 0.01957734999996319,
          "t_total": 0.1796333490001416
        },
        "Nesterov": {
          "t_L": 0.16005599900017842,
          "t_m": 0.17135244800010696,
          "t_iter": 0.02505047399972682,
          "t_total": 0.3564589210000122
        }
      },
      "iterations": {
        "CG": 9,
        "BB": 2,
        "GD": 2,
        "Nesterov": 3
      },
      "final_costs": {
        "CG": 0.016125314007582058,
        "BB": 0.016125326606632198,
        "GD": 0.016125326607203522,
        "Nesterov": 0.01612531443800561
      }
    },
    {
      "h": 0.012,
      "n_dofs": 8438,
      "beta": 0.001,
      "omega_id": 2,
      "L_est": 0.0013233476387773994,
      "m_est": 0.001000000002053405,
      "F_star": 0.016103545868881713,
      "grad_norm_star": 4.288339839090657e-07,
      "u_star_norm_U": 2.6710267148843005,
      "y_star_norm_L2": 0.04802844096377859,
      "cg_info_u_star": 0,
      "cg_iters_u_star": 8,
      "timings": {
        "CG": {
          "t_L": 0.0,
          "t_m": 0.0,
          "t_iter": 0.04618681499596278,
          "t_total": 0.04618681499596278,
          "t_gradnorm": 0.013358639003854478
        },
        "BB": {
          "t_L": 0.0,
          "t_m": 0.0,
          "t_iter": 0.02479249099997105,
          "t_total": 0.02479249099997105
        },