{
  "beta": 0.001,
  "omega_id": 2,
  "summary": [
    {
      "h": 0.06,
      "n_dofs": 402,
      "beta": 0.001,
      "omega_id": 2,
      "L_est": 0.001276091337696926,
      "m_est": 0.0009999999995059623,
      "F_star": 0.01651714465859899,
      "grad_norm_star": 5.198332012503904e-07,
      "u_star_norm_U": 2.549352185522729,
      "y_star_norm_L2": 0.042343588801286504,
      "cg_info_u_star": 0,
      "cg_iters_u_star": 12,
      "timings": {
        "CG": {
          "t_L": 0.0,
          "t_m": 0.0,
          "t_iter": 0.005072895000012068,
          "t_total": 0.005072895000012068
        },
        "BB": {
          "t_L": 0.0,
          "t_m": 0.0,
          "t_iter": 0.0013294770001266443,
          "t_total": 0.0013294770001266443
        },
        "GD": {
          "t_L": 0.01481321300025229,
          "t_m": 0.0,
          "t_iter": 0.0008707830002094852,
          "t_total": 0.015683996000461775
        },
        "Nesterov": {
          "t_L": 0.01481321300025229,
          "t_m": 0.012141008000071452,
          "t_iter": 0.0011780840000028547,
          "t_total": 0.028132305000326596
        }
      },
      "iterations": {
        "CG": 12,
        "BB": 2,
        "GD": 2,
        "Nesterov": 3
      },
      "final_costs": {
        "CG": 0.01651714465859899,
        "BB": 0.016517150631479197,
        "GD": 0.016517150744078824,
        "Nesterov": 0.01651714472536573
      }
    },
    {
      "h": 0.04,
      "n_dofs": 820,
      "beta": 0.001,
      "omega_id": 2,
      "L_est": 0.0012973114829061719,
      "m_est": 0.0010000000001340731,
      "F_star": 0.016331895535930743,
      "grad_norm_star": 1.7912397278930732e-07,
      "u_star_norm_U": 2.6072127057596357,
      "y_star_norm_L2": 0.04494916165747953,
      "cg_info_u_star": 0,
      "cg_iters_u_star": 13,
      "timings": {
        "CG": {
          "t_L": 0.0,
          "t_m": 0.0,
          "t_iter": 0.00584292000030473,
          "t_total": 0.00584292000030473
        },
        "BB": {
          "t_L": 0.0,
          "t_m": 0.0,
          "t_iter": 0.0017818290002651338,
          "t_total": 0.0017818290002651338
        },
        "GD": {
          "t_L": 0.013572715000009339,
          "t_m": 0.0,
          "t_iter": 0.001266468999801873,
          "t_total": 0.014839183999811212
        },
        "Nesterov": {
          "t_L": 0.013572715000009339,
          "t_m": 0.013653837000219937,
          "t_iter": 0.0017147469998235465,
          "t_total": 0.028941299000052823
        }
      },
      "iterations": {
        "CG": 13,
        "BB": 2,
        "GD": 2,
        "Nesterov": 3
      },
      "final_costs": {
        "CG": 0.016331895535930743,
        "BB": 0.016331904499945916,
        "GD": 0.016331904515531334,
        "Nesterov": 0.01633189581016923
      }
    },
    {
      "h": 0.03,
      "n_dofs": 1434,
      "beta": 0.001,
      "omega_id": 2,
      "L_est": 0.0013071540499930406,
      "m_est": 0.0010000000008399523,
      "F_star": 0.016255043470293398,
      "grad_norm_star": 7.770255645626544e-08,
      "u_star_norm_U": 2.6325105159270956,
      "y_star_norm_L2": 0.046133487048852666,
      "cg_info_u_star": 0,
      "cg_iters_u_star": 12,
      "timings": {
        "CG": {
          "t_L": 0.0,
          "t_m": 0.0,
          "t_iter": 0.00991908300011346,
          "t_total": 0.00991908300011346
        },
        "BB": {
          "t_L": 0.0,
          "t_m": 0.0,
          "t_iter": 0.0030954639996707556,
          "t_total": 0.0030954639996707556
        },
        "GD": {
          "t_L": 0.025844090999726177,
          "t_m": 0.0,
          "t_iter": 0.002239214999917749,
          "t_total": 0.028083305999643926
        },
        "Nesterov": {
          "t_L": 0.025844090999726177,
          "t_m": 0.02671767900028499,
          "t_iter": 0.0035069710002062493,
          "t_total": 0.056068741000217415
        }
      },
      "iterations": {
        "CG": 12,
        "BB": 2,
        "GD": 2,
        "Nesterov": 3
      },
      "final_costs": {
        "CG": 0.016255043470293398,
        "BB": 0.01625505386132326,
        "GD": 0.016255053865205697,
        "Nesterov": 0.01625504381735724
      }
    },
    {
      "h": 0.02,
      "n_dofs": 3093,
      "beta": 0.001,
      "omega_id": 2,
      "L_est": 0.001316360790324447,
      "m_est": 0.0010000000015031418,
      "F_star": 0.01617084216758366,
      "grad_norm_star": 5.179146257095733e-08,
      "u_star_norm_U": 2.6548911389060232,
      "y_star_norm_L2": 0.047219257714630924,
      "cg_info_u_star": 0,
      "cg_iters_u_star": 11,
      "timings": {
        "CG": {
          "t_L": 0.0,
          "t_m": 0.0,
          "t_iter": 0.025910550999924453,
          "t_total": 0.025910550999924453
        },
        "BB": {
          "t_L": 0.0,
          "t_m": 0.0,
          "t_iter": 0.013361957000142866,
          "t_total": 0.013361957000142866
        },
        "GD": {
          "t_L": 0.06490963199985345,
          "t_m": 0.0,
          "t_iter": 0.008729425999717932,
          "t_total": 0.07363905799957138
        },
        "Nesterov": {
          "t_L": 0.06490963199985345,
          "t_m": 0.06872516400017048,
          "t_iter": 0.009039096999913454,
          "t_total": 0.14267389299993738
        }
      },
      "iterations": {
        "CG": 11,
        "BB": 2,
        "GD": 2,
        "Nesterov": 3
      },
      "final_costs": {
        "CG": 0.01617084216758366,
        "BB": 0.01617085403162875,
        "GD": 0.01617085403265528,
        "Nesterov": 0.016170842584212804
      }
    },
    {
      "h": 0.015,
      "n_dofs": 5392,
      "beta": 0.001,
      "omega_id": 2,
      "L_est": 0.0013209177069060287,
      "m_est": 0.0010000000014293525,
      "F_star": 0.016125313984346804,
      "grad_norm_star": 4.6175823672092734e-08,
      "u_star_norm_U": 2.6653560057746164,
      "y_star_norm_L2": 0.04774594342391682,
      "cg_info_u_star": 0,
      "cg_iters_u_star": 11,
      "timings": {
        "CG": {
          "t_L": 0.0,
          "t_m": 0.0,
          "t_iter": 0.04766091999999844,
          "t_total": 0.04766091999999844
        },
        "BB": {
          "t_L": 0.0,
          "t_m": 0.0,
          "t_iter": 0.01432939799997257,
          "t_total": 0.01432939799997257
        },
        "GD": {
          "t_L": 0.12073976500005301,
          "t_m": 0.0,
          "t_iter": 0.01138125100032994,
          "t_total": 0.13212101600038295
        },
        "Nesterov": {
          "t_L": 0.12073976500005301,
          "t_m": 0.12609686399991915,
          "t_iter": 0.01552020300005097,
          "t_total": 0.26235683200002313
        }
      },
      "iterations": {
        "CG": 11,
        "BB": 2,
        "GD": 2,
        "Nesterov": 3
      },
      "final_costs": {
        "CG": 0.016125313984346804,
        "BB": 0.016125326606632198,
        "GD": 0.016125326607203522,
        "Nesterov": 0.01612531443800561
      }
    },
    {
      "h": 0.012,
      "n_dofs": 8438,
      "beta": 0.001,
      "omega_id": 2,
      "L_est": 0.0013233476387773994,
      "m_est": 0.001000000002053405,
      "F_star": 0.01610354577755645,
      "grad_norm_star": 3.518894678037252e-08,
      "u_star_norm_U": 2.671026758478467,
      "y_star_norm_L2": 0.04802844044016603,
      "cg_info_u_star": 0,
      "cg_iters_u_star": 11,
      "timings": {
        "CG": {
          "t_L": 0.0,
          "t_m": 0.0,
          "t_iter": 0.10623278000002756,
          "t_total": 0.10623278000002756
        },
        "BB": {
          "t_L": 0.0,
          "t_m": 0.0,
          "t_iter": 0.023753365999709786,
          "t_total": 0.023753365999709786
        },
        "GD": {
          "t_L": 0.3339731030000621,
          "t_m": 0.0,
          "t_iter": 0.01777393599968491,
          "t_total": 0.351747038999747
        },
        "Nesterov": {
          "t_L": 0.3339731030000621,
          "t_m": 0.19176010399996812,
          "t_iter": 0.024513265000223328,