{
  "beta": 0.001,
  "omega_id": 2,
  "summary": [
    {
      "h": 0.06,
      "n_dofs": 402,
      "beta": 0.001,
      "omega_id": 2,
      "L_est": 0.0010022128523121566,
      "F_star": 0.01651714465777298,
      "grad_norm_star": 5.182463699764319e-07,
      "u_star_norm_U": 2.549352190905508,
      "y_star_norm_L2": 0.04234358849441327,
      "cg_info_u_star": 0,
      "cg_iters_u_star": 20,
      "iterations": {
        "CG": 20,
        "BB": 4,
        "GD": 11,
        "Nesterov": 5
      },
      "final_costs": {
        "CG": 0.01651714465777298,
        "BB": 0.01651714455251067,
        "GD": 0.01651714455253277,
        "Nesterov": 0.01651714455259022
      }
    },
    {
      "h": 0.04,
      "n_dofs": 820,
      "beta": 0.001,
      "omega_id": 2,
      "L_est": 0.0010005986505127497,
      "F_star": 0.016331895535693784,
      "grad_norm_star": 1.7779475944675047e-07,
      "u_star_norm_U": 2.6072127045600046,
      "y_star_norm_L2": 0.04494916173243763,
      "cg_info_u_star": 0,
      "cg_iters_u_star": 21,
      "iterations": {
        "CG": 21,
        "BB": 4,
        "GD": 12,
        "Nesterov": 6
      },
      "final_costs": {
        "CG": 0.016331895535693784,
        "BB": 0.016331895523508475,
        "GD": 0.016331895523519158,
        "Nesterov": 0.01633189552351201
      }
    },
    {
      "h": 0.03,
      "n_dofs": 1434,
      "beta": 0.001,
      "omega_id": 2,
      "L_est": 0.0010010172430954195,
      "F_star": 0.0162550434700955,
      "grad_norm_star": 7.511122966789138e-08,
      "u_star_norm_U": 2.632510514882354,
      "y_star_norm_L2": 0.04613348712326738,
      "cg_info_u_star": 0,
      "cg_iters_u_star": 19,
      "iterations": {
        "CG": 19,
        "BB": 4,
        "GD": 12,
        "Nesterov": 6
      },
      "final_costs": {
        "CG": 0.0162550434700955,
        "BB": 0.016255043467937172,
        "GD": 0.01625504346795888,
        "Nesterov": 0.016255043467942223
      }
    },
    {
      "h": 0.02,
      "n_dofs": 3093,
      "beta": 0.001,
      "omega_id": 2,
      "L_est": 0.0010002775251952013,
      "F_star": 0.016170842166533382,
      "grad_norm_star": 2.4105102453654944e-08,
      "u_star_norm_U": 2.6548911291282398,
      "y_star_norm_L2": 0.04721925828684432,
      "cg_info_u_star": 0,
      "cg_iters_u_star": 19,
      "iterations": {
        "CG": 19,
        "BB": 4,
        "GD": 13,
        "Nesterov": 6
      },
      "final_costs": {
        "CG": 0.016170842166533382,
        "BB": 0.016170842166312652,
        "GD": 0.016170842166317208,
        "Nesterov": 0.01617084216631961
      }
    },
    {
      "h": 0.015,
      "n_dofs": 5392,
      "beta": 0.001,
      "omega_id": 2,
      "L_est": 0.001000536338675535,
      "F_star": 0.01612531398333013,
      "grad_norm_star": 9.930047792355287e-09,
      "u_star_norm_U": 2.6653560090001376,
      "y_star_norm_L2": 0.04774594326173883,
      "cg_info_u_star": 0,
      "cg_iters_u_star": 19,
      "iterations": {
        "CG": 19,
        "BB": 4,
        "GD": 13,
        "Nesterov": 6
      },
      "final_costs": {
        "CG": 0.01612531398333013,
        "BB": 0.016125313983292807,
        "GD": 0.01612531398329915,
        "Nesterov": 0.016125313983300908
      }
    },
    {
      "h": 0.012,
      "n_dofs": 8438,
      "beta": 0.001,
      "omega_id": 2,
      "L_est": 0.001000245684984647,
      "F_star": 0.016103545776951327,
      "grad_norm_star": 5.29686473290921e-09,
      "u_star_norm_U": 2.6710267666128895,
      "y_star_norm_L2": 0.048028439999372896,
      "cg_info_u_star": 0,
      "cg_iters_u_star": 19,
      "iterations": {
        "CG": 19,
        "BB": 4,
        "GD": 13,
        "Nesterov": 6
      },
      "final_costs": {
        "CG": 0.016103545776951327,
        "BB": 0.01610354577694073,
        "GD": 0.016103545776948607,
        "Nesterov": 0.01610354577694951
      }
    },
    {
      "h": 0.01,
      "n_dofs": 11899,
      "beta": 0.001,
      "omega_id": 2,
      "L_est": 0.0010000283950834894,
      "F_star": 0.016084738587402177,
      "grad_norm_star": 3.1444875644358355e-09,
      "u_star_norm_U": 2.675265763193704,
      "y_star_norm_L2": 0.04824394420286326,
      "cg_info_u_star": 0,
      "cg_iters_u_star": 18,
      "iterations": {
        "CG": 18,
        "BB": 4,
        "GD": 13,
        "Nesterov": 6
      },
      "final_costs": {
        "CG": 0.016084738587402177,
        "BB": 0.016084738587398454,
        "GD": 0.016084738587407735,
        "Nesterov": 0.01608473858740776
      }
    },
    {
      "h": 0.008,
      "n_dofs": 18497,
      "beta": 0.001,
      "omega_id": 2,
      "L_est": 0.0010000678997319978,
      "F_star": 0.016069546074914683,
      "grad_norm_star": 1.665699037475431e-09,
      "u_star_norm_U": 2.6786866538791267,
      "y_star_norm_L2": 0.048418845714727536,
      "cg_info_u_star": 0,
      "cg_iters_u_star": 19,
      "iterations": {
        "CG": 19,
        "BB": 4,
        "GD": 13,
        "Nesterov": 6
      },
      "final_costs": {
        "CG": 0.016069546074914683,
        "BB": 0.016069546074913645,
        "GD": 0.016069546074924036,
        "Nesterov": 0.016069546074923412
      }
    }
  ]
}