{
  "beta": 0.001,
  "omega_id": 2,
  "summary": [
    {
      "h": 0.06,
      "n_dofs": 402,
      "beta": 0.001,
      "omega_id": 2,
      "L_est": 0.001276091337696926,
      "m_est": 0.0009999999995059623,
      "F_star": 0.01651714468462652,
      "grad_norm_star": 5.677287280249955e-07,
      "u_star_norm_U": 2.5493522065586323,
      "y_star_norm_L2": 0.04234358691083134,
      "cg_info_u_star": 0,
      "cg_iters_u_star": 10,
      "timings": {
        "CG": {
          "t_L": 0.0,
          "t_m": 0.0,
          "t_iter": 0.002945741000075941,
          "t_total": 0.002945741000075941,
          "t_gradnorm": 0.00034797599982994143
        },
        "BB": {
          "t_L": 0.0,
          "t_m": 0.0,
          "t_iter": 0.0013577760000771377,
          "t_total": 0.0013577760000771377
        },
        "GD": {
          "t_L": 0.017898683999192144,
          "t_m": 0.0,
          "t_iter": 0.0008403100000577979,
          "t_total": 0.018738993999249942
        },
        "Nesterov": {
          "t_L": 0.017898683999192144,
          "t_m": 0.010089232000609627,
          "t_iter": 0.0011774849999710568,
          "t_total": 0.029165400999772828
        }
      },
      "iterations": {
        "CG": 10,
        "BB": 2,
        "GD": 2,
        "Nesterov": 3
      },
      "final_costs": {
        "CG": 0.01651714468462652,
        "BB": 0.016517150631479197,
        "GD": 0.016517150744078824,
        "Nesterov": 0.01651714472536573
      }
    },
    {
      "h": 0.04,
      "n_dofs": 820,
      "beta": 0.001,
      "omega_id": 2,
      "L_est": 0.0012973114829061719,
      "m_est": 0.0010000000001340731,
      "F_star": 0.016331895575458916,
      "grad_norm_star": 3.334160111824702e-07,
      "u_star_norm_U": 2.607212709220179,
      "y_star_norm_L2": 0.04494916057616628,
      "cg_info_u_star": 0,
      "cg_iters_u_star": 10,
      "timings": {
        "CG": {
          "t_L": 0.0,
          "t_m": 0.0,
          "t_iter": 0.010674396002286812,
          "t_total": 0.010674396002286812,
          "t_gradnorm": 0.001856306997979118
        },
        "BB": {
          "t_L": 0.0,
          "t_m": 0.0,
          "t_iter": 0.003508842999508488,
          "t_total": 0.003508842999508488
        },
        "GD": {
          "t_L": 0.02840592599932279,
          "t_m": 0.0,
          "t_iter": 0.0015450639994014637,
          "t_total": 0.029950989998724253
        },
        "Nesterov": {
          "t_L": 0.02840592599932279,
          "t_m": 0.019060131000514957,
          "t_iter": 0.0019893449998562573,
          "t_total": 0.049455401999694004
        }
      },
      "iterations": {
        "CG": 10,
        "BB": 2,
        "GD": 2,
        "Nesterov": 3
      },
      "final_costs": {
        "CG": 0.016331895575458916,
        "BB": 0.016331904499945916,
        "GD": 0.016331904515531334,
        "Nesterov": 0.01633189581016923
      }
    },
    {
      "h": 0.03,
      "n_dofs": 1434,
      "beta": 0.001,
      "omega_id": 2,
      "L_est": 0.0013071540499930406,
      "m_est": 0.0010000000008399523,
      "F_star": 0.01625504351500202,
      "grad_norm_star": 3.089761275689721e-07,
      "u_star_norm_U": 2.632510550176492,
      "y_star_norm_L2": 0.046133484136041625,
      "cg_info_u_star": 0,
      "cg_iters_u_star": 9,
      "timings": {
        "CG": {
          "t_L": 0.0,
          "t_m": 0.0,
          "t_iter": 0.007992257000296377,
          "t_total": 0.007992257000296377,
          "t_gradnorm": 0.0015994599998521153
        },
        "BB": {
          "t_L": 0.0,
          "t_m": 0.0,
          "t_iter": 0.00422691699986899,
          "t_total": 0.00422691699986899
        },
        "GD": {
          "t_L": 0.03122060199984844,
          "t_m": 0.0,
          "t_iter": 0.0033203470002263202,
          "t_total": 0.03454094900007476
        },
        "Nesterov": {
          "t_L": 0.03122060199984844,
          "t_m": 0.034877905000030296,
          "t_iter": 0.004693333999966853,
          "t_total": 0.07079184099984559
        }
      },
      "iterations": {
        "CG": 9,
        "BB": 2,
        "GD": 2,
        "Nesterov": 3
      },
      "final_costs": {
        "CG": 0.01625504351500202,
        "BB": 0.01625505386132326,
        "GD": 0.016255053865205697,
        "Nesterov": 0.01625504381735724
      }
    },
    {
      "h": 0.02,
      "n_dofs": 3093,
      "beta": 0.001,
      "omega_id": 2,
      "L_est": 0.001316360790324447,
      "m_est": 0.0010000000015031418,
      "F_star": 0.016170842213438195,
      "grad_norm_star": 3.0723885615513585e-07,
      "u_star_norm_U": 2.6548910808233535,
      "y_star_norm_L2": 0.04721926000934939,
      "cg_info_u_star": 0,
      "cg_iters_u_star": 9,
      "timings": {
        "CG": {
          "t_L": 0.0,
          "t_m": 0.0,
          "t_iter": 0.017631366999921738,
          "t_total": 0.017631366999921738,
          "t_gradnorm": 0.004148003000409517
        },
        "BB": {
          "t_L": 0.0,
          "t_m": 0.0,
          "t_iter": 0.012708637999821804,
          "t_total": 0.012708637999821804
        },
        "GD": {
          "t_L": 0.09930206999979418,
          "t_m": 0.0,
          "t_iter": 0.009730957000101625,
          "t_total": 0.10903302699989581
        },
        "Nesterov": {
          "t_L": 0.09930206999979418,
          "t_m": 0.14458999900034541,
          "t_iter": 0.03689067700088344,
          "t_total": 0.28078274600102304
        }
      },
      "iterations": {
        "CG": 9,
        "BB": 2,
        "GD": 2,
        "Nesterov": 3
      },
      "final_costs": {
        "CG": 0.016170842213438195,
        "BB": 0.01617085403162875,
        "GD": 0.01617085403265528,
        "Nesterov": 0.016170842584212804
      }
    },
    {
      "h": 0.015,
      "n_dofs": 5392,
      "beta": 0.001,
      "omega_id": 2,
      "L_est": 0.0013209177069060287,
      "m_est": 0.0010000000014293525,
      "F_star": 0.016125314007582058,
      "grad_norm_star": 2.2046815504934334e-07,
      "u_star_norm_U": 2.665356024948168,
      "y_star_norm_L2": 0.047745941867152024,
      "cg_info_u_star": 0,
      "cg_iters_u_star": 9,
      "timings": {
        "CG": {
          "t_L": 0.0,
          "t_m": 0.0,
          "t_iter": 0.03416875000038999,
          "t_total": 0.03416875000038999,
          "t_gradnorm": 0.009570842998982698
        },
        "BB": {
          "t_L": 0.0,
          "t_m": 0.0,
          "t_iter": 0.014745488999324152,
          "t_total": 0.014745488999324152
        },
        "GD": {
          "t_L": 0.12232487299934292,
          "t_m": 0.0,
          "t_iter": 0.011241885000345064,
          "t_total": 0.13356675799968798
        },
        "Nesterov": {
          "t_L": 0.12232487299934292,
          "t_m": 0.14674556399950234,
          "t_iter": 0.01609194699994987,
          "t_total": 0.2851623839987951
        }
      },
      "iterations": {
        "CG": 9,
        "BB": 2,
        "GD": 2,
        "Nesterov": 3
      },
      "final_costs": {
        "CG": 0.016125314007582058,
        "BB": 0.016125326606632198,
        "GD": 0.016125326607203522,
        "Nesterov": 0.01612531443800561
      }
    },
    {
      "h": 0.012,
      "n_dofs": 8438,
      "beta": 0.001,
      "omega_id": 2,
      "L_est": 0.0013233476387773994,
      "m_est": 0.001000000002053405,
      "F_star": 0.016103545868881713,
      "grad_norm_star": 4.288339839090657e-07,
      "u_star_norm_U": 2.6710267148843005,
      "y_star_norm_L2": 0.04802844096377859,
      "cg_info_u_star": 0,
      "cg_iters_u_star": 8,
      "timings": {
        "CG": {
          "t_L": 0.0,
          "t_m": 0.0,
          "t_iter": 0.046643734999634034,
          "t_total": 0.046643734999634034,
          "t_gradnorm": 0.014325797000310558
        },
        "BB": {
          "t_L": 0.0,
          "t_m": 0.0,
          "t_iter": 0.036013749000630924,
          "t_total": 0.036013749000630924
        },