{
  "beta": 0.001,
  "omega_id": 2,
  "summary": [
    {
      "h": 0.06,
      "n_dofs": 402,
      "beta": 0.001,
      "omega_id": 2,
      "L_est": 0.0010022128523121566,
      "F_star": 0.016517147984928038,
      "grad_norm_star": 2.6310760983565005e-06,
      "u_star_norm_U": 2.5493501841865305,
      "y_star_norm_L2": 0.04234363107113104,
      "cg_info_u_star": 0,
      "cg_iters_u_star": 7,
      "iterations": {
        "CG": 7,
        "BB": 2,
        "GD": 6,
        "Nesterov": 3
      },
      "final_costs": {
        "CG": 0.016517147984928038,
        "BB": 0.016517150631479197,
        "GD": 0.016517154138269034,
        "Nesterov": 0.01651714472536573
      }
    },
    {
      "h": 0.04,
      "n_dofs": 820,
      "beta": 0.001,
      "omega_id": 2,
      "L_est": 0.0010005986505127497,
      "F_star": 0.01633189684313945,
      "grad_norm_star": 1.6270036711961473e-06,
      "u_star_norm_U": 2.607212478052662,
      "y_star_norm_L2": 0.044949145792338246,
      "cg_info_u_star": 0,
      "cg_iters_u_star": 8,
      "iterations": {
        "CG": 8,
        "BB": 2,
        "GD": 6,
        "Nesterov": 3
      },
      "final_costs": {
        "CG": 0.01633189684313945,
        "BB": 0.016331904499945916,
        "GD": 0.01633191871135512,
        "Nesterov": 0.01633189581016923
      }
    },
    {
      "h": 0.03,
      "n_dofs": 1434,
      "beta": 0.001,
      "omega_id": 2,
      "L_est": 0.0010010172430954195,
      "F_star": 0.016255045535410566,
      "grad_norm_star": 2.033900322191475e-06,
      "u_star_norm_U": 2.632510232646643,
      "y_star_norm_L2": 0.04613345846007957,
      "cg_info_u_star": 0,
      "cg_iters_u_star": 7,
      "iterations": {
        "CG": 7,
        "BB": 2,
        "GD": 6,
        "Nesterov": 3
      },
      "final_costs": {
        "CG": 0.016255045535410566,
        "BB": 0.01625505386132326,
        "GD": 0.016255075938717195,
        "Nesterov": 0.01625504381735724
      }
    },
    {
      "h": 0.02,
      "n_dofs": 3093,
      "beta": 0.001,
      "omega_id": 2,
      "L_est": 0.0010002775251952013,
      "F_star": 0.016170852598206945,
      "grad_norm_star": 4.5681321781318805e-06,
      "u_star_norm_U": 2.6548892867020784,
      "y_star_norm_L2": 0.04721914096273417,
      "cg_info_u_star": 0,
      "cg_iters_u_star": 6,
      "iterations": {
        "CG": 6,
        "BB": 2,
        "GD": 6,
        "Nesterov": 3
      },
      "final_costs": {
        "CG": 0.016170852598206945,
        "BB": 0.01617085403162875,
        "GD": 0.01617088832397881,
        "Nesterov": 0.016170842584212804
      }
    },
    {
      "h": 0.015,
      "n_dofs": 5392,
      "beta": 0.001,
      "omega_id": 2,
      "L_est": 0.001000536338675535,
      "F_star": 0.01612531968166359,
      "grad_norm_star": 3.3762224390333504e-06,
      "u_star_norm_U": 2.665354096595018,
      "y_star_norm_L2": 0.047745930681919437,
      "cg_info_u_star": 0,
      "cg_iters_u_star": 6,
      "iterations": {
        "CG": 6,
        "BB": 2,
        "GD": 6,
        "Nesterov": 3
      },
      "final_costs": {
        "CG": 0.01612531968166359,
        "BB": 0.016125326606632198,
        "GD": 0.016125367288691038,
        "Nesterov": 0.01612531443800561
      }
    },
    {
      "h": 0.012,
      "n_dofs": 8438,
      "beta": 0.001,
      "omega_id": 2,
      "L_est": 0.001000245684984647,
      "F_star": 0.016103549531359028,
      "grad_norm_star": 2.7403236113410113e-06,
      "u_star_norm_U": 2.6710250964310207,
      "y_star_norm_L2": 0.04802845471708729,
      "cg_info_u_star": 0,
      "cg_iters_u_star": 6,
      "iterations": {
        "CG": 6,
        "BB": 2,
        "GD": 6,
        "Nesterov": 3
      },
      "final_costs": {
        "CG": 0.016103549531359028,
        "BB": 0.01610355880246372,
        "GD": 0.016103604313270396,
        "Nesterov": 0.01610354625173263
      }
    },
    {
      "h": 0.01,
      "n_dofs": 11899,
      "beta": 0.001,
      "omega_id": 2,
      "L_est": 0.0010000283950834894,
      "F_star": 0.016084740786959238,
      "grad_norm_star": 2.0974676476473258e-06,
      "u_star_norm_U": 2.6752648425049834,
      "y_star_norm_L2": 0.04824394966593128,
      "cg_info_u_star": 0,
      "cg_iters_u_star": 6,
      "iterations": {
        "CG": 6,
        "BB": 2,
        "GD": 6,
        "Nesterov": 3
      },
      "final_costs": {
        "CG": 0.016084740786959238,
        "BB": 0.016084751910226316,
        "GD": 0.016084801451063502,
        "Nesterov": 0.01608473907745659
      }
    },
    {
      "h": 0.008,
      "n_dofs": 18497,
      "beta": 0.001,
      "omega_id": 2,
      "L_est": 0.0010000678997319978,
      "F_star": 0.016069548644385485,
      "grad_norm_star": 2.26696782338744e-06,
      "u_star_norm_U": 2.6786854209956967,
      "y_star_norm_L2": 0.048418860854713384,
      "cg_info_u_star": 0,
      "cg_iters_u_star": 6,
      "iterations": {
        "CG": 6,
        "BB": 2,
        "GD": 6,
        "Nesterov": 3
      },
      "final_costs": {
        "CG": 0.016069548644385485,
        "BB": 0.016069559646844513,
        "GD": 0.01606961209113125,
        "Nesterov": 0.016069546577814356
      }
    }
  ]
}