{
  "beta": 0.001,
  "omega_id": 2,
  "summary": [
    {
      "h": 0.06,
      "n_dofs": 402,
      "beta": 0.001,
      "omega_id": 2,
      "L_est": 0.001276091337696926,
      "m_est": 0.0009999999995059623,
      "F_star": 0.01651714468462652,
      "grad_norm_star": 5.677287280249955e-07,
      "u_star_norm_U": 2.5493522065586323,
      "y_star_norm_L2": 0.04234358691083134,
      "cg_info_u_star": 0,
      "cg_iters_u_star": 10,
      "timings": {
        "CG": {
          "t_L": 0.0,
          "t_m": 0.0,
          "t_iter": 0.0029215119984655757,
          "t_total": 0.0029215119984655757,
          "t_gradnorm": 0.0003633720016296138
        },
        "BB": {
          "t_L": 0.0,
          "t_m": 0.0,
          "t_iter": 0.0011872009999933653,
          "t_total": 0.0011872009999933653
        },
        "GD": {
          "t_L": 0.01117188099942723,
          "t_m": 0.0,
          "t_iter": 0.0008418010002060328,
          "t_total": 0.012013681999633263
        },
        "Nesterov": {
          "t_L": 0.01117188099942723,
          "t_m": 0.010518858000068576,
          "t_iter": 0.0012639309998121462,
          "t_total": 0.022954669999307953
        }
      },
      "iterations": {
        "CG": 10,
        "BB": 2,
        "GD": 2,
        "Nesterov": 3
      },
      "final_costs": {
        "CG": 0.01651714468462652,
        "BB": 0.016517150631479197,
        "GD": 0.016517150744078824,
        "Nesterov": 0.01651714472536573
      }
    },
    {
      "h": 0.04,
      "n_dofs": 820,
      "beta": 0.001,
      "omega_id": 2,
      "L_est": 0.0012973114829061719,
      "m_est": 0.0010000000001340731,
      "F_star": 0.016331895575458916,
      "grad_norm_star": 3.334160111824702e-07,
      "u_star_norm_U": 2.607212709220179,
      "y_star_norm_L2": 0.04494916057616628,
      "cg_info_u_star": 0,
      "cg_iters_u_star": 10,
      "timings": {
        "CG": {
          "t_L": 0.0,
          "t_m": 0.0,
          "t_iter": 0.0037922239998806617,
          "t_total": 0.0037922239998806617,
          "t_gradnorm": 0.0006930529998498969
        },
        "BB": {
          "t_L": 0.0,
          "t_m": 0.0,
          "t_iter": 0.0016766690005169949,
          "t_total": 0.0016766690005169949
        },
        "GD": {
          "t_L": 0.014450757000304293,
          "t_m": 0.0,
          "t_iter": 0.0013241329997981666,
          "t_total": 0.01577489000010246
        },
        "Nesterov": {
          "t_L": 0.014450757000304293,
          "t_m": 0.014298181999947701,
          "t_iter": 0.0032186549997277325,
          "t_total": 0.031967593999979727
        }
      },
      "iterations": {
        "CG": 10,
        "BB": 2,
        "GD": 2,
        "Nesterov": 3
      },
      "final_costs": {
        "CG": 0.016331895575458916,
        "BB": 0.016331904499945916,
        "GD": 0.016331904515531334,
        "Nesterov": 0.01633189581016923
      }
    },
    {
      "h": 0.03,
      "n_dofs": 1434,
      "beta": 0.001,
      "omega_id": 2,
      "L_est": 0.0013071540499930406,
      "m_est": 0.0010000000008399523,
      "F_star": 0.01625504351500202,
      "grad_norm_star": 3.089761275689721e-07,
      "u_star_norm_U": 2.632510550176492,
      "y_star_norm_L2": 0.046133484136041625,
      "cg_info_u_star": 0,
      "cg_iters_u_star": 9,
      "timings": {
        "CG": {
          "t_L": 0.0,
          "t_m": 0.0,
          "t_iter": 0.0066189959998155246,
          "t_total": 0.0066189959998155246,
          "t_gradnorm": 0.001425477000339015
        },
        "BB": {
          "t_L": 0.0,
          "t_m": 0.0,
          "t_iter": 0.003822257000138052,
          "t_total": 0.003822257000138052
        },
        "GD": {
          "t_L": 0.02692769299937936,
          "t_m": 0.0,
          "t_iter": 0.002262928000163811,
          "t_total": 0.02919062099954317
        },
        "Nesterov": {
          "t_L": 0.02692769299937936,
          "t_m": 0.0368689329998233,
          "t_iter": 0.003328626999973494,
          "t_total": 0.06712525299917615
        }
      },
      "iterations": {
        "CG": 9,
        "BB": 2,
        "GD": 2,
        "Nesterov": 3
      },
      "final_costs": {
        "CG": 0.01625504351500202,
        "BB": 0.01625505386132326,
        "GD": 0.016255053865205697,
        "Nesterov": 0.01625504381735724
      }
    },
    {
      "h": 0.02,
      "n_dofs": 3093,
      "beta": 0.001,
      "omega_id": 2,
      "L_est": 0.001316360790324447,
      "m_est": 0.0010000000015031418,
      "F_star": 0.016170842213438195,
      "grad_norm_star": 3.0723885615513585e-07,
      "u_star_norm_U": 2.6548910808233535,
      "y_star_norm_L2": 0.04721926000934939,
      "cg_info_u_star": 0,
      "cg_iters_u_star": 9,
      "timings": {
        "CG": {
          "t_L": 0.0,
          "t_m": 0.0,
          "t_iter": 0.015317916997446446,
          "t_total": 0.015317916997446446,
          "t_gradnorm": 0.0035762740026257234
        },
        "BB": {
          "t_L": 0.0,
          "t_m": 0.0,
          "t_iter": 0.007763906999571191,
          "t_total": 0.007763906999571191
        },
        "GD": {
          "t_L": 0.08679687600033503,
          "t_m": 0.0,
          "t_iter": 0.009089277999919432,
          "t_total": 0.09588615400025446
        },
        "Nesterov": {
          "t_L": 0.08679687600033503,
          "t_m": 0.06896088499979669,
          "t_iter": 0.011138540000501962,
          "t_total": 0.16689630100063368
        }
      },
      "iterations": {
        "CG": 9,
        "BB": 2,
        "GD": 2,
        "Nesterov": 3
      },
      "final_costs": {
        "CG": 0.016170842213438195,
        "BB": 0.01617085403162875,
        "GD": 0.01617085403265528,
        "Nesterov": 0.016170842584212804
      }
    },
    {
      "h": 0.015,
      "n_dofs": 5392,
      "beta": 0.001,
      "omega_id": 2,
      "L_est": 0.0013209177069060287,
      "m_est": 0.0010000000014293525,
      "F_star": 0.016125314007582058,
      "grad_norm_star": 2.2046815504934334e-07,
      "u_star_norm_U": 2.665356024948168,
      "y_star_norm_L2": 0.047745941867152024,
      "cg_info_u_star": 0,
      "cg_iters_u_star": 9,
      "timings": {
        "CG": {
          "t_L": 0.0,
          "t_m": 0.0,
          "t_iter": 0.031009631998131226,
          "t_total": 0.031009631998131226,
          "t_gradnorm": 0.008168972001840302
        },
        "BB": {
          "t_L": 0.0,
          "t_m": 0.0,
          "t_iter": 0.013569306999670516,
          "t_total": 0.013569306999670516
        },
        "GD": {
          "t_L": 0.12669975299922953,
          "t_m": 0.0,
          "t_iter": 0.011213636999855225,
          "t_total": 0.13791338999908476
        },
        "Nesterov": {
          "t_L": 0.12669975299922953,
          "t_m": 0.11455759799991938,
          "t_iter": 0.025674812000033853,
          "t_total": 0.26693216299918276
        }
      },
      "iterations": {
        "CG": 9,
        "BB": 2,
        "GD": 2,
        "Nesterov": 3
      },
      "final_costs": {
        "CG": 0.016125314007582058,
        "BB": 0.016125326606632198,
        "GD": 0.016125326607203522,
        "Nesterov": 0.01612531443800561
      }
    },
    {
      "h": 0.012,
      "n_dofs": 8438,
      "beta": 0.001,
      "omega_id": 2,
      "L_est": 0.0013233476387773994,
      "m_est": 0.001000000002053405,
      "F_star": 0.016103545868881713,
      "grad_norm_star": 4.288339839090657e-07,
      "u_star_norm_U": 2.6710267148843005,
      "y_star_norm_L2": 0.04802844096377859,
      "cg_info_u_star": 0,
      "cg_iters_u_star": 8,
      "timings": {
        "CG": {
          "t_L": 0.0,
          "t_m": 0.0,
          "t_iter": 0.04882322400135308,
          "t_total": 0.04882322400135308,
          "t_gradnorm": 0.013366231998588773
        },
        "BB": {
          "t_L": 0.0,
          "t_m": 0.0,
          "t_iter": 0.03749872800017329,
          "t_total": 0.03749872800017329
        },