{
  "beta": 0.001,
  "omega_id": 2,
  "summary": [
    {
      "h": 0.06,
      "n_dofs": 402,
      "beta": 0.001,
      "omega_id": 2,
      "L_est": 0.001276091337696926,
      "m_est": 0.0009999999995059623,
      "F_star": 0.016517147993406166,
      "grad_norm_star": 2.634296517416282e-06,
      "u_star_norm_U": 2.5493501820187614,
      "y_star_norm_L2": 0.042343631104804665,
      "cg_info_u_star": 0,
      "cg_iters_u_star": 7,
      "timings": {
        "CG": {
          "t_L": 0.0,
          "t_m": 0.0,
          "t_iter": 0.002126323999618762,
          "t_total": 0.002126323999618762,
          "t_gradnorm": 0.0002470060003361141
        },
        "BB": {
          "t_L": 0.0,
          "t_m": 0.0,
          "t_iter": 0.0011634269999376556,
          "t_total": 0.0011634269999376556
        },
        "GD": {
          "t_L": 0.00961937299962301,
          "t_m": 0.0,
          "t_iter": 0.0008314719998452347,
          "t_total": 0.010450844999468245
        },
        "Nesterov": {
          "t_L": 0.00961937299962301,
          "t_m": 0.010947706000024482,
          "t_iter": 0.0008296910000353819,
          "t_total": 0.021396769999682874
        }
      },
      "iterations": {
        "CG": 7,
        "BB": 1,
        "GD": 1,
        "Nesterov": 1
      },
      "final_costs": {
        "CG": 0.016517147993406166,
        "BB": 0.016517150631479197,
        "GD": 0.016517150744078824,
        "Nesterov": 0.016517150744078824
      }
    },
    {
      "h": 0.04,
      "n_dofs": 820,
      "beta": 0.001,
      "omega_id": 2,
      "L_est": 0.0012973114829061719,
      "m_est": 0.0010000000001340731,
      "F_star": 0.01633189684653021,
      "grad_norm_star": 1.6290868561777278e-06,
      "u_star_norm_U": 2.6072124784604056,
      "y_star_norm_L2": 0.04494914577222155,
      "cg_info_u_star": 0,
      "cg_iters_u_star": 8,
      "timings": {
        "CG": {
          "t_L": 0.0,
          "t_m": 0.0,
          "t_iter": 0.0031590140001753753,
          "t_total": 0.0031590140001753753,
          "t_gradnorm": 0.0005347930000425549
        },
        "BB": {
          "t_L": 0.0,
          "t_m": 0.0,
          "t_iter": 0.0026099120000253606,
          "t_total": 0.0026099120000253606
        },
        "GD": {
          "t_L": 0.015787466999881872,
          "t_m": 0.0,
          "t_iter": 0.0019146630002069287,
          "t_total": 0.0177021300000888
        },
        "Nesterov": {
          "t_L": 0.015787466999881872,
          "t_m": 0.021518776999982947,
          "t_iter": 0.0019552590001694625,
          "t_total": 0.03926150300003428
        }
      },
      "iterations": {
        "CG": 8,
        "BB": 1,
        "GD": 1,
        "Nesterov": 1
      },
      "final_costs": {
        "CG": 0.01633189684653021,
        "BB": 0.016331904499945916,
        "GD": 0.016331904515531334,
        "Nesterov": 0.016331904515531334
      }
    },
    {
      "h": 0.03,
      "n_dofs": 1434,
      "beta": 0.001,
      "omega_id": 2,
      "L_est": 0.0013071540499930406,
      "m_est": 0.0010000000008399523,
      "F_star": 0.016255045540806354,
      "grad_norm_star": 2.0365518028513685e-06,
      "u_star_norm_U": 2.6325102334358337,
      "y_star_norm_L2": 0.04613345842525867,
      "cg_info_u_star": 0,
      "cg_iters_u_star": 7,
      "timings": {
        "CG": {
          "t_L": 0.0,
          "t_m": 0.0,
          "t_iter": 0.0046700760008207,
          "t_total": 0.0046700760008207,
          "t_gradnorm": 0.001029334999202547
        },
        "BB": {
          "t_L": 0.0,
          "t_m": 0.0,
          "t_iter": 0.007851356000173837,
          "t_total": 0.007851356000173837
        },
        "GD": {
          "t_L": 0.05503001899978699,
          "t_m": 0.0,
          "t_iter": 0.00435943699994823,
          "t_total": 0.05938945599973522
        },
        "Nesterov": {
          "t_L": 0.05503001899978699,
          "t_m": 0.06189005599981101,
          "t_iter": 0.006676038000023254,
          "t_total": 0.12359611299962125
        }
      },
      "iterations": {
        "CG": 7,
        "BB": 1,
        "GD": 1,
        "Nesterov": 1
      },
      "final_costs": {
        "CG": 0.016255045540806354,
        "BB": 0.01625505386132326,
        "GD": 0.016255053865205697,
        "Nesterov": 0.016255053865205697
      }
    },
    {
      "h": 0.02,
      "n_dofs": 3093,
      "beta": 0.001,
      "omega_id": 2,
      "L_est": 0.001316360790324447,
      "m_est": 0.0010000000015031418,
      "F_star": 0.016170852625643224,
      "grad_norm_star": 4.574135361035378e-06,
      "u_star_norm_U": 2.654889289679149,
      "y_star_norm_L2": 0.047219140811426676,
      "cg_info_u_star": 0,
      "cg_iters_u_star": 6,
      "timings": {
        "CG": {
          "t_L": 0.0,
          "t_m": 0.0,
          "t_iter": 0.015226439999423746,
          "t_total": 0.015226439999423746,
          "t_gradnorm": 0.003741053000339889
        },
        "BB": {
          "t_L": 0.0,
          "t_m": 0.0,
          "t_iter": 0.008161620000009862,
          "t_total": 0.008161620000009862
        },
        "GD": {
          "t_L": 0.05962318399997457,
          "t_m": 0.0,
          "t_iter": 0.005266201000267756,
          "t_total": 0.06488938500024233
        },
        "Nesterov": {
          "t_L": 0.05962318399997457,
          "t_m": 0.06521277000001646,
          "t_iter": 0.005198693000238563,
          "t_total": 0.1300346470002296
        }
      },
      "iterations": {
        "CG": 6,
        "BB": 1,
        "GD": 1,
        "Nesterov": 1
      },
      "final_costs": {
        "CG": 0.016170852625643224,
        "BB": 0.01617085403162875,
        "GD": 0.01617085403265528,
        "Nesterov": 0.01617085403265528
      }
    },
    {
      "h": 0.015,
      "n_dofs": 5392,
      "beta": 0.001,
      "omega_id": 2,
      "L_est": 0.0013209177069060287,
      "m_est": 0.0010000000014293525,
      "F_star": 0.016125319696689955,
      "grad_norm_star": 3.3806709680297175e-06,
      "u_star_norm_U": 2.6653540960916735,
      "y_star_norm_L2": 0.04774593065101273,
      "cg_info_u_star": 0,
      "cg_iters_u_star": 6,
      "timings": {
        "CG": {
          "t_L": 0.0,
          "t_m": 0.0,
          "t_iter": 0.025059838000288437,
          "t_total": 0.025059838000288437,
          "t_gradnorm": 0.007064167999487836
        },
        "BB": {
          "t_L": 0.0,
          "t_m": 0.0,
          "t_iter": 0.014665341000181797,
          "t_total": 0.014665341000181797
        },
        "GD": {
          "t_L": 0.11857885100016574,
          "t_m": 0.0,
          "t_iter": 0.010758550999980798,
          "t_total": 0.12933740200014654
        },
        "Nesterov": {
          "t_L": 0.11857885100016574,
          "t_m": 0.11887940699989485,
          "t_iter": 0.011331946000154858,
          "t_total": 0.24879020400021545
        }
      },
      "iterations": {
        "CG": 6,
        "BB": 1,
        "GD": 1,
        "Nesterov": 1
      },
      "final_costs": {
        "CG": 0.016125319696689955,
        "BB": 0.016125326606632198,
        "GD": 0.016125326607203522,
        "Nesterov": 0.016125326607203522
      }
    },
    {
      "h": 0.012,
      "n_dofs": 8438,
      "beta": 0.001,
      "omega_id": 2,
      "L_est": 0.0013233476387773994,
      "m_est": 0.001000000002053405,
      "F_star": 0.016103549541270693,
      "grad_norm_star": 2.743938450326934e-06,
      "u_star_norm_U": 2.671025095154003,
      "y_star_norm_L2": 0.04802845471882892,
      "cg_info_u_star": 0,
      "cg_iters_u_star": 6,
      "timings": {
        "CG": {
          "t_L": 0.0,
          "t_m": 0.0,
          "t_iter": 0.03932705099987288,
          "t_total": 0.03932705099987288,
          "t_gradnorm": 0.011201766000340285
        },
        "BB": {
          "t_L": 0.0,
          "t_m": 0.0,
          "t_iter": 0.02591757799973493,
          "t_total": 0.02591757799973493
        },