{
  "omega_id": 2,
  "beta": 0.001,
  "L_est": 0.0010010172430954195,
  "L_mL": 0.0013071540499386852,
  "m_mL": 0.0010000000008913742,
  "final_costs": {
    "BB": 0.016255043467937172,
    "GD": 0.01625504346795888,
    "Nesterov": 0.016255043467941238,
    "Nesterov_mL": 0.01625504346794222
  },
  "best_method": "BB",
  "iterations": {
    "BB": 4,
    "GD": 12,
    "Nesterov": 102,
    "Nesterov_mL": 6
  },
  "F_star": 0.016255043470095508,
  "cg_info_u_star": 0,
  "cg_iters_u_star": 24,
  "dist_U_final": {
    "BB": 5.747145588921975e-05,
    "GD": 6.32334384343503e-05,
    "Nesterov": 5.9967212286434014e-05,
    "Nesterov_mL": 5.7474918159170254e-05
  }
}