{
  "omega_id": 2,
  "beta": 0.001,
  "L_est": 0.0010010172430954195,
  "final_costs": {
    "BB": 0.016255043467937172,
    "GD": 0.01625504346795888,
    "Nesterov": 0.016255043467941238
  },
  "best_method": "BB",
  "iterations": {
    "BB": 4,
    "GD": 12,
    "Nesterov": 102
  }
}