{
  "beta": 0.001,
  "omega_id": 2,
  "summary": [
    {
      "h": 0.06,
      "n_dofs": 402,
      "beta": 0.001,
      "omega_id": 2,
      "L_est": 0.0010022128523121566,
      "F_star": 0.016517144657772983,
      "grad_norm_star": 5.18246375017633e-07,
      "u_star_norm_U": 2.549352190906443,
      "y_star_norm_L2": 0.0423435884943571,
      "cg_info_u_star": 0,
      "cg_iters_u_star": 25,
      "iterations": {
        "BB": 4,
        "GD": 11,
        "Nesterov_mL": 5
      }
    }
  ]
}